[
  {
    "id": "54235236",
    "name": "Shirin",
    "partner": "Kuber1",
    "img": "https://randomuser.me/api/portraits/med/men/31.jpg"
  },
  {
    "id": "543435236",
    "name": "Sinthia",
    "partner": "Kuber2",
    "img": "https://randomuser.me/api/portraits/med/men/66.jpg"
  },
  {
    "id": "542356236",
    "name": "Sadia",
    "partner": "Kuber3",
    "img": "https://randomuser.me/api/portraits/med/men/55.jpg"
  },
  {
    "id": "4363738",
    "name": "Shirin",
    "partner": "Kuber4",
    "img": "https://randomuser.me/api/portraits/med/men/19.jpg"
  },
  {
    "id": "542367236",
    "name": "ema",
    "partner": "Kuber5",
    "img": "https://randomuser.me/api/portraits/med/men/93.jpg"
  },
  {
    "id": "5423528736",
    "name": "aliza shah",
    "partner": "Kuber6",
    "img": "https://randomuser.me/api/portraits/med/men/78.jpg"
  }
]
